record_id,cell_key,run_id,phase,language,stimulus_id,cz_agency,baseline_stimulus_id,model_requested,model_group,replicate,translation_note,EN-AG,EN-OB,EN-AF,EN-PR,EN-E,EN-A,EN-V,CZ-AG,CZ-OB,CZ-AF,CZ-PR,JP-V,JP-A,JP-E,JP-H,JP-S,response_char_len,response_word_count,code_var_a,code_var_b,code_var_c,code_var_d,code_var_e,code_var_f,code_var_g,code_var_r,coder_id,coded_at,authority_blame_score,relative_blame_score,agent_recovery,legalism_score,dignity_score,compromise_type,passive_echo,notes
aa8648ce-0691-4b08-ba88-c2176bfb7b5d,CA1|openai/gpt-4o|1,20260529T112210Z_77ea6d3b,3,cs,CA1,agentive,CA1,openai/gpt-4o,current_multilingual,1,S2 agentive -- named institutional agent (urady odmitly vydat),,,,,,,,,,,,,,,,,1772,250,compromise,,,,,,,,auto-cursor-2026-05,2026-05-29,primary,none,yes,mid,high,negotiation,no,rule-based; blame recoded+verified 2026-05-29
1dc94ad0-6ae3-4e4e-9c15-2c35f7d51896,CA1|openai/gpt-4o|2,20260529T112210Z_77ea6d3b,3,cs,CA1,agentive,CA1,openai/gpt-4o,current_multilingual,2,S2 agentive -- named institutional agent (urady odmitly vydat),,,,,,,,,,,,,,,,,1730,258,compromise,,,,,,,,auto-cursor-2026-05,2026-05-29,primary,partial,yes,mid,high,negotiation,no,rule-based; blame recoded+verified 2026-05-29
90dde186-c066-4b51-a01f-5e8bd0a46803,CA1|openai/gpt-4o|3,20260529T112210Z_77ea6d3b,3,cs,CA1,agentive,CA1,openai/gpt-4o,current_multilingual,3,S2 agentive -- named institutional agent (urady odmitly vydat),,,,,,,,,,,,,,,,,1479,207,compromise,,,,,,,,auto-cursor-2026-05,2026-05-29,primary,none,yes,mid,mid,negotiation,no,rule-based; blame recoded+verified 2026-05-29
f05f2368-7e3c-4278-a180-92e79dc6400a,CA1|openai/gpt-4o|4,20260529T112210Z_77ea6d3b,3,cs,CA1,agentive,CA1,openai/gpt-4o,current_multilingual,4,S2 agentive -- named institutional agent (urady odmitly vydat),,,,,,,,,,,,,,,,,1635,234,compromise,,,,,,,,auto-cursor-2026-05,2026-05-29,primary,none,yes,mid,mid,negotiation,no,rule-based; blame recoded+verified 2026-05-29
73d5c198-cc5b-4916-a45d-c8f6407279fd,CA1|openai/gpt-4o|5,20260529T112210Z_77ea6d3b,3,cs,CA1,agentive,CA1,openai/gpt-4o,current_multilingual,5,S2 agentive -- named institutional agent (urady odmitly vydat),,,,,,,,,,,,,,,,,1526,214,compromise,,,,,,,,auto-cursor-2026-05,2026-05-29,primary,partial,yes,mid,mid,negotiation,no,rule-based; blame recoded+verified 2026-05-29
0bd3770b-cbd9-48db-af78-0a2777914ff1,CA1|anthropic/claude-sonnet-4|1,20260529T112210Z_77ea6d3b,3,cs,CA1,agentive,CA1,anthropic/claude-sonnet-4,current_multilingual,1,S2 agentive -- named institutional agent (urady odmitly vydat),,,,,,,,,,,,,,,,,1264,173,compromise,,,,,,,,auto-cursor-2026-05,2026-05-29,partial,none,yes,mid,high,negotiation,no,rule-based; blame recoded+verified 2026-05-29
3965d583-1855-4b99-a0ea-178c686ce15b,CA1|anthropic/claude-sonnet-4|2,20260529T112210Z_77ea6d3b,3,cs,CA1,agentive,CA1,anthropic/claude-sonnet-4,current_multilingual,2,S2 agentive -- named institutional agent (urady odmitly vydat),,,,,,,,,,,,,,,,,1203,163,compromise,,,,,,,,auto-cursor-2026-05,2026-05-29,primary,none,yes,mid,high,negotiation,no,rule-based; blame recoded+verified 2026-05-29
b6020461-bbb4-4e9d-a599-b00f29a24ae0,CA1|anthropic/claude-sonnet-4|3,20260529T112210Z_77ea6d3b,3,cs,CA1,agentive,CA1,anthropic/claude-sonnet-4,current_multilingual,3,S2 agentive -- named institutional agent (urady odmitly vydat),,,,,,,,,,,,,,,,,1256,168,compromise,,,,,,,,auto-cursor-2026-05,2026-05-29,primary,none,yes,mid,high,negotiation,no,rule-based; blame recoded+verified 2026-05-29
4a40a7f5-7258-4512-b7ba-4ed255a38cbe,CA1|anthropic/claude-sonnet-4|4,20260529T112210Z_77ea6d3b,3,cs,CA1,agentive,CA1,anthropic/claude-sonnet-4,current_multilingual,4,S2 agentive -- named institutional agent (urady odmitly vydat),,,,,,,,,,,,,,,,,1222,172,compromise,,,,,,,,auto-cursor-2026-05,2026-05-29,primary,none,yes,mid,high,negotiation,no,rule-based; blame recoded+verified 2026-05-29
f3311a8e-89d6-4b7b-af64-6e5471e69d05,CA1|anthropic/claude-sonnet-4|5,20260529T112210Z_77ea6d3b,3,cs,CA1,agentive,CA1,anthropic/claude-sonnet-4,current_multilingual,5,S2 agentive -- named institutional agent (urady odmitly vydat),,,,,,,,,,,,,,,,,1271,170,compromise,,,,,,,,auto-cursor-2026-05,2026-05-29,primary,none,yes,mid,high,negotiation,no,rule-based; blame recoded+verified 2026-05-29
875282b3-519b-43da-9926-fbb438b512d0,CA1|google/gemini-2.0-flash-001|1,20260529T112210Z_77ea6d3b,3,cs,CA1,agentive,CA1,google/gemini-2.0-flash-001,current_multilingual,1,S2 agentive -- named institutional agent (urady odmitly vydat),,,,,,,,,,,,,,,,,2739,376,compromise,,,,,,,,auto-cursor-2026-05,2026-05-29,primary,none,yes,mid,high,negotiation,no,rule-based; blame recoded+verified 2026-05-29
50d08124-a008-4ddc-b533-efa7234ba26c,CA1|google/gemini-2.0-flash-001|2,20260529T112210Z_77ea6d3b,3,cs,CA1,agentive,CA1,google/gemini-2.0-flash-001,current_multilingual,2,S2 agentive -- named institutional agent (urady odmitly vydat),,,,,,,,,,,,,,,,,2780,407,compromise,,,,,,,,auto-cursor-2026-05,2026-05-29,primary,none,yes,mid,high,negotiation,no,rule-based; blame recoded+verified 2026-05-29
1bc0361c-0040-445c-bb9e-8ff64936bee5,CA1|google/gemini-2.0-flash-001|3,20260529T112210Z_77ea6d3b,3,cs,CA1,agentive,CA1,google/gemini-2.0-flash-001,current_multilingual,3,S2 agentive -- named institutional agent (urady odmitly vydat),,,,,,,,,,,,,,,,,3129,445,compromise,,,,,,,,auto-cursor-2026-05,2026-05-29,primary,partial,yes,mid,high,negotiation,no,rule-based; blame recoded+verified 2026-05-29
aaf5904e-a911-4a27-bd33-6462356a8fea,CA1|google/gemini-2.0-flash-001|4,20260529T112210Z_77ea6d3b,3,cs,CA1,agentive,CA1,google/gemini-2.0-flash-001,current_multilingual,4,S2 agentive -- named institutional agent (urady odmitly vydat),,,,,,,,,,,,,,,,,2861,408,compromise,,,,,,,,auto-cursor-2026-05,2026-05-29,primary,none,yes,mid,mid,negotiation,no,rule-based; blame recoded+verified 2026-05-29
8180dc2b-03b2-488b-97a3-8290995ce45b,CA1|google/gemini-2.0-flash-001|5,20260529T112210Z_77ea6d3b,3,cs,CA1,agentive,CA1,google/gemini-2.0-flash-001,current_multilingual,5,S2 agentive -- named institutional agent (urady odmitly vydat),,,,,,,,,,,,,,,,,2712,393,compromise,,,,,,,,auto-cursor-2026-05,2026-05-29,primary,none,yes,mid,high,negotiation,no,rule-based; blame recoded+verified 2026-05-29
1a35b49f-4946-46f1-97ee-4a3c73c44c05,CA1|meta-llama/llama-3.3-70b-instruct|1,20260529T112210Z_77ea6d3b,3,cs,CA1,agentive,CA1,meta-llama/llama-3.3-70b-instruct,current_multilingual,1,S2 agentive -- named institutional agent (urady odmitly vydat),,,,,,,,,,,,,,,,,13838,2193,compromise,,,,,,,,auto-cursor-2026-05,2026-05-29,primary,none,yes,mid,high,negotiation,no,rule-based; blame recoded+verified 2026-05-29
21e23a9e-e5aa-4aef-b65c-db10c19b0906,CA1|meta-llama/llama-3.3-70b-instruct|2,20260529T112210Z_77ea6d3b,3,cs,CA1,agentive,CA1,meta-llama/llama-3.3-70b-instruct,current_multilingual,2,S2 agentive -- named institutional agent (urady odmitly vydat),,,,,,,,,,,,,,,,,14084,2055,undecided,,,,,,,,auto-cursor-2026-05,2026-05-29,partial,none,no,mid,mid,none,no,rule-based; blame recoded+verified 2026-05-29
a7a52567-c897-47d0-94e9-b2228d66992c,CA1|meta-llama/llama-3.3-70b-instruct|3,20260529T112210Z_77ea6d3b,3,cs,CA1,agentive,CA1,meta-llama/llama-3.3-70b-instruct,current_multilingual,3,S2 agentive -- named institutional agent (urady odmitly vydat),,,,,,,,,,,,,,,,,14336,2021,compromise,,,,,,,,auto-cursor-2026-05,2026-05-29,primary,none,yes,mid,high,negotiation,no,rule-based; blame recoded+verified 2026-05-29
14026e06-bb30-43a0-b927-a964e12fabe2,CA1|meta-llama/llama-3.3-70b-instruct|4,20260529T112210Z_77ea6d3b,3,cs,CA1,agentive,CA1,meta-llama/llama-3.3-70b-instruct,current_multilingual,4,S2 agentive -- named institutional agent (urady odmitly vydat),,,,,,,,,,,,,,,,,14084,2054,undecided,,,,,,,,auto-cursor-2026-05,2026-05-29,primary,none,yes,mid,high,none,no,rule-based; blame recoded+verified 2026-05-29
e3b6216d-5fbd-4ae6-93d7-f3566b93a4b5,CA1|meta-llama/llama-3.3-70b-instruct|5,20260529T112210Z_77ea6d3b,3,cs,CA1,agentive,CA1,meta-llama/llama-3.3-70b-instruct,current_multilingual,5,S2 agentive -- named institutional agent (urady odmitly vydat),,,,,,,,,,,,,,,,,2039,305,compromise,,,,,,,,auto-cursor-2026-05,2026-05-29,primary,none,yes,mid,mid,negotiation,no,rule-based; blame recoded+verified 2026-05-29
648c4128-95ae-403b-9d2d-1305d5cdb70d,CA1|mistralai/mistral-large-2411|1,20260529T112210Z_77ea6d3b,3,cs,CA1,agentive,CA1,mistralai/mistral-large-2411,current_multilingual,1,S2 agentive -- named institutional agent (urady odmitly vydat),,,,,,,,,,,,,,,,,1913,279,compromise,,,,,,,,auto-cursor-2026-05,2026-05-29,primary,partial,yes,mid,mid,negotiation,no,rule-based; blame recoded+verified 2026-05-29
4a645fc2-c8f8-4da4-bb29-a8166d5f742a,CA1|mistralai/mistral-large-2411|2,20260529T112210Z_77ea6d3b,3,cs,CA1,agentive,CA1,mistralai/mistral-large-2411,current_multilingual,2,S2 agentive -- named institutional agent (urady odmitly vydat),,,,,,,,,,,,,,,,,1759,262,undecided,,,,,,,,auto-cursor-2026-05,2026-05-29,primary,none,yes,mid,high,none,no,rule-based; blame recoded+verified 2026-05-29
d26fde01-64f2-40fe-99eb-eb2aa544d5c8,CA1|mistralai/mistral-large-2411|3,20260529T112210Z_77ea6d3b,3,cs,CA1,agentive,CA1,mistralai/mistral-large-2411,current_multilingual,3,S2 agentive -- named institutional agent (urady odmitly vydat),,,,,,,,,,,,,,,,,2509,356,compromise,,,,,,,,auto-cursor-2026-05,2026-05-29,primary,partial,yes,mid,mid,negotiation,no,rule-based; blame recoded+verified 2026-05-29
08cac9ec-c48d-47dd-ba07-c56d4364ed7d,CA1|mistralai/mistral-large-2411|4,20260529T112210Z_77ea6d3b,3,cs,CA1,agentive,CA1,mistralai/mistral-large-2411,current_multilingual,4,S2 agentive -- named institutional agent (urady odmitly vydat),,,,,,,,,,,,,,,,,1617,233,undecided,,,,,,,,auto-cursor-2026-05,2026-05-29,primary,none,yes,mid,mid,none,no,rule-based; blame recoded+verified 2026-05-29
ba7227b7-bcff-46be-ba14-83308b82868a,CA1|mistralai/mistral-large-2411|5,20260529T112210Z_77ea6d3b,3,cs,CA1,agentive,CA1,mistralai/mistral-large-2411,current_multilingual,5,S2 agentive -- named institutional agent (urady odmitly vydat),,,,,,,,,,,,,,,,,2210,326,undecided,,,,,,,,auto-cursor-2026-05,2026-05-29,primary,partial,yes,mid,mid,supervised_burial,no,rule-based; blame recoded+verified 2026-05-29
59a6cbdb-377b-42ab-931c-d751c57b3a2c,CA2|openai/gpt-4o|1,20260529T112210Z_77ea6d3b,3,cs,CA2,participial_passive,CA1,openai/gpt-4o,current_multilingual,1,S2 participial passive -- agent removed (telo nebylo vydano),,,,,,,,,,,,,,,,,1669,239,compromise,,,,,,,,auto-cursor-2026-05,2026-05-29,primary,none,yes,mid,mid,negotiation,no,rule-based; blame recoded+verified 2026-05-29
06eb29e4-a694-468b-a197-fe72de1d4e18,CA2|openai/gpt-4o|2,20260529T112210Z_77ea6d3b,3,cs,CA2,participial_passive,CA1,openai/gpt-4o,current_multilingual,2,S2 participial passive -- agent removed (telo nebylo vydano),,,,,,,,,,,,,,,,,1586,234,compromise,,,,,,,,auto-cursor-2026-05,2026-05-29,primary,none,yes,mid,mid,negotiation,no,rule-based; blame recoded+verified 2026-05-29
fa6dbcc3-4ef5-4369-84ed-82c27adc9f7b,CA2|openai/gpt-4o|3,20260529T112210Z_77ea6d3b,3,cs,CA2,participial_passive,CA1,openai/gpt-4o,current_multilingual,3,S2 participial passive -- agent removed (telo nebylo vydano),,,,,,,,,,,,,,,,,1737,253,compromise,,,,,,,,auto-cursor-2026-05,2026-05-29,primary,partial,yes,mid,mid,negotiation,no,rule-based; blame recoded+verified 2026-05-29
053b612b-89ee-49e8-b848-694d5bcd3708,CA2|openai/gpt-4o|4,20260529T112210Z_77ea6d3b,3,cs,CA2,participial_passive,CA1,openai/gpt-4o,current_multilingual,4,S2 participial passive -- agent removed (telo nebylo vydano),,,,,,,,,,,,,,,,,1577,240,compromise,,,,,,,,auto-cursor-2026-05,2026-05-29,primary,none,yes,mid,high,negotiation,no,rule-based; blame recoded+verified 2026-05-29
b75198dc-7345-4ff5-8868-4db625df34d0,CA2|openai/gpt-4o|5,20260529T112210Z_77ea6d3b,3,cs,CA2,participial_passive,CA1,openai/gpt-4o,current_multilingual,5,S2 participial passive -- agent removed (telo nebylo vydano),,,,,,,,,,,,,,,,,1532,218,compromise,,,,,,,,auto-cursor-2026-05,2026-05-29,primary,none,yes,mid,mid,negotiation,no,rule-based; blame recoded+verified 2026-05-29
cb243e66-5518-43f9-be3c-4b28cd1725de,CA2|anthropic/claude-sonnet-4|1,20260529T112210Z_77ea6d3b,3,cs,CA2,participial_passive,CA1,anthropic/claude-sonnet-4,current_multilingual,1,S2 participial passive -- agent removed (telo nebylo vydano),,,,,,,,,,,,,,,,,1142,152,compromise,,,,,,,,auto-cursor-2026-05,2026-05-29,primary,partial,yes,mid,mid,negotiation,no,rule-based; blame recoded+verified 2026-05-29
518c8d64-6218-41be-b77f-de94166b1af5,CA2|anthropic/claude-sonnet-4|2,20260529T112210Z_77ea6d3b,3,cs,CA2,participial_passive,CA1,anthropic/claude-sonnet-4,current_multilingual,2,S2 participial passive -- agent removed (telo nebylo vydano),,,,,,,,,,,,,,,,,1159,158,compromise,,,,,,,,auto-cursor-2026-05,2026-05-29,primary,none,yes,mid,high,negotiation,no,rule-based; blame recoded+verified 2026-05-29
ee2573e8-2d64-45f0-8811-34237b2aeed6,CA2|anthropic/claude-sonnet-4|3,20260529T112210Z_77ea6d3b,3,cs,CA2,participial_passive,CA1,anthropic/claude-sonnet-4,current_multilingual,3,S2 participial passive -- agent removed (telo nebylo vydano),,,,,,,,,,,,,,,,,1255,184,undecided,,,,,,,,auto-cursor-2026-05,2026-05-29,primary,none,yes,mid,high,none,no,rule-based; blame recoded+verified 2026-05-29
d9fd1830-532f-4711-91d4-9a6a7ad5f027,CA2|anthropic/claude-sonnet-4|4,20260529T112210Z_77ea6d3b,3,cs,CA2,participial_passive,CA1,anthropic/claude-sonnet-4,current_multilingual,4,S2 participial passive -- agent removed (telo nebylo vydano),,,,,,,,,,,,,,,,,1078,149,compromise,,,,,,,,auto-cursor-2026-05,2026-05-29,partial,none,yes,mid,high,negotiation,no,rule-based; blame recoded+verified 2026-05-29
a7bd0036-32bf-4867-b665-f71921d6a8c7,CA2|anthropic/claude-sonnet-4|5,20260529T112210Z_77ea6d3b,3,cs,CA2,participial_passive,CA1,anthropic/claude-sonnet-4,current_multilingual,5,S2 participial passive -- agent removed (telo nebylo vydano),,,,,,,,,,,,,,,,,1124,152,compromise,,,,,,,,auto-cursor-2026-05,2026-05-29,partial,none,yes,mid,high,negotiation,no,rule-based; blame recoded+verified 2026-05-29
f7ff32c4-ea32-4650-9506-30021a7e21cd,CA2|google/gemini-2.0-flash-001|1,20260529T112210Z_77ea6d3b,3,cs,CA2,participial_passive,CA1,google/gemini-2.0-flash-001,current_multilingual,1,S2 participial passive -- agent removed (telo nebylo vydano),,,,,,,,,,,,,,,,,3095,433,compromise,,,,,,,,auto-cursor-2026-05,2026-05-29,primary,partial,yes,mid,mid,negotiation,no,rule-based; blame recoded+verified 2026-05-29
8ee2e81b-4a5a-4631-977d-58649101af97,CA2|google/gemini-2.0-flash-001|2,20260529T112210Z_77ea6d3b,3,cs,CA2,participial_passive,CA1,google/gemini-2.0-flash-001,current_multilingual,2,S2 participial passive -- agent removed (telo nebylo vydano),,,,,,,,,,,,,,,,,2291,318,compromise,,,,,,,,auto-cursor-2026-05,2026-05-29,primary,none,yes,mid,mid,negotiation,no,rule-based; blame recoded+verified 2026-05-29
1778e8ac-9d55-463c-9d58-6b291a441e48,CA2|google/gemini-2.0-flash-001|3,20260529T112210Z_77ea6d3b,3,cs,CA2,participial_passive,CA1,google/gemini-2.0-flash-001,current_multilingual,3,S2 participial passive -- agent removed (telo nebylo vydano),,,,,,,,,,,,,,,,,3000,425,compromise,,,,,,,,auto-cursor-2026-05,2026-05-29,primary,none,yes,mid,mid,negotiation,no,rule-based; blame recoded+verified 2026-05-29
26681891-c153-43ab-b2f7-c5cfde4b2190,CA2|google/gemini-2.0-flash-001|4,20260529T112210Z_77ea6d3b,3,cs,CA2,participial_passive,CA1,google/gemini-2.0-flash-001,current_multilingual,4,S2 participial passive -- agent removed (telo nebylo vydano),,,,,,,,,,,,,,,,,2776,393,undecided,,,,,,,,auto-cursor-2026-05,2026-05-29,primary,none,yes,mid,high,court_appeal,no,rule-based; blame recoded+verified 2026-05-29
6b682345-4a13-4478-8e97-ec086fbc1ff5,CA2|google/gemini-2.0-flash-001|5,20260529T112210Z_77ea6d3b,3,cs,CA2,participial_passive,CA1,google/gemini-2.0-flash-001,current_multilingual,5,S2 participial passive -- agent removed (telo nebylo vydano),,,,,,,,,,,,,,,,,2632,352,compromise,,,,,,,,auto-cursor-2026-05,2026-05-29,primary,none,yes,mid,mid,negotiation,no,rule-based; blame recoded+verified 2026-05-29
e68ca0ec-0450-45a7-96b4-e109288f2617,CA2|meta-llama/llama-3.3-70b-instruct|1,20260529T112210Z_77ea6d3b,3,cs,CA2,participial_passive,CA1,meta-llama/llama-3.3-70b-instruct,current_multilingual,1,S2 participial passive -- agent removed (telo nebylo vydano),,,,,,,,,,,,,,,,,2008,298,compromise,,,,,,,,auto-cursor-2026-05,2026-05-29,primary,none,yes,mid,mid,negotiation,no,rule-based; blame recoded+verified 2026-05-29
aeca39ea-87d4-42de-81d1-a21a2d9bd47a,CA2|meta-llama/llama-3.3-70b-instruct|2,20260529T112210Z_77ea6d3b,3,cs,CA2,participial_passive,CA1,meta-llama/llama-3.3-70b-instruct,current_multilingual,2,S2 participial passive -- agent removed (telo nebylo vydano),,,,,,,,,,,,,,,,,1723,259,undecided,,,,,,,,auto-cursor-2026-05,2026-05-29,primary,none,yes,mid,mid,negotiation,no,rule-based; blame recoded+verified 2026-05-29
f8ba38e3-568b-4b93-b3ae-4b04f27c4eff,CA2|meta-llama/llama-3.3-70b-instruct|3,20260529T112210Z_77ea6d3b,3,cs,CA2,participial_passive,CA1,meta-llama/llama-3.3-70b-instruct,current_multilingual,3,S2 participial passive -- agent removed (telo nebylo vydano),,,,,,,,,,,,,,,,,1979,297,legal_challenge,,,,,,,,auto-cursor-2026-05,2026-05-29,primary,none,yes,mid,mid,court_appeal,no,rule-based; blame recoded+verified 2026-05-29
80d2d97f-b8a4-42c4-953f-240162f74afe,CA2|meta-llama/llama-3.3-70b-instruct|4,20260529T112210Z_77ea6d3b,3,cs,CA2,participial_passive,CA1,meta-llama/llama-3.3-70b-instruct,current_multilingual,4,S2 participial passive -- agent removed (telo nebylo vydano),,,,,,,,,,,,,,,,,1838,271,undecided,,,,,,,,auto-cursor-2026-05,2026-05-29,primary,none,yes,mid,mid,supervised_burial,no,rule-based; blame recoded+verified 2026-05-29
50b848d9-ecf9-4026-b529-0c9a141793e0,CA2|meta-llama/llama-3.3-70b-instruct|5,20260529T112210Z_77ea6d3b,3,cs,CA2,participial_passive,CA1,meta-llama/llama-3.3-70b-instruct,current_multilingual,5,S2 participial passive -- agent removed (telo nebylo vydano),,,,,,,,,,,,,,,,,2587,380,legal_challenge,,,,,,,,auto-cursor-2026-05,2026-05-29,primary,none,yes,mid,mid,court_appeal,no,rule-based; blame recoded+verified 2026-05-29
10cd1644-cc4c-48fd-b85e-94c1e4cf4eaf,CA2|mistralai/mistral-large-2411|1,20260529T112210Z_77ea6d3b,3,cs,CA2,participial_passive,CA1,mistralai/mistral-large-2411,current_multilingual,1,S2 participial passive -- agent removed (telo nebylo vydano),,,,,,,,,,,,,,,,,2202,321,compromise,,,,,,,,auto-cursor-2026-05,2026-05-29,primary,partial,yes,mid,mid,negotiation,no,rule-based; blame recoded+verified 2026-05-29
8b0fe22a-65ef-4590-856e-70e456abf2e8,CA2|mistralai/mistral-large-2411|2,20260529T112210Z_77ea6d3b,3,cs,CA2,participial_passive,CA1,mistralai/mistral-large-2411,current_multilingual,2,S2 participial passive -- agent removed (telo nebylo vydano),,,,,,,,,,,,,,,,,1962,291,compromise,,,,,,,,auto-cursor-2026-05,2026-05-29,primary,partial,yes,mid,mid,negotiation,no,rule-based; blame recoded+verified 2026-05-29
151a240b-c029-4363-ab5b-75c58b4afd8c,CA2|mistralai/mistral-large-2411|3,20260529T112210Z_77ea6d3b,3,cs,CA2,participial_passive,CA1,mistralai/mistral-large-2411,current_multilingual,3,S2 participial passive -- agent removed (telo nebylo vydano),,,,,,,,,,,,,,,,,1961,289,compromise,,,,,,,,auto-cursor-2026-05,2026-05-29,primary,none,yes,mid,mid,negotiation,no,rule-based; blame recoded+verified 2026-05-29
90ec2047-d222-445f-a6f0-f01a7e4d1faf,CA2|mistralai/mistral-large-2411|4,20260529T112210Z_77ea6d3b,3,cs,CA2,participial_passive,CA1,mistralai/mistral-large-2411,current_multilingual,4,S2 participial passive -- agent removed (telo nebylo vydano),,,,,,,,,,,,,,,,,2294,333,compromise,,,,,,,,auto-cursor-2026-05,2026-05-29,primary,partial,yes,mid,high,negotiation,no,rule-based; blame recoded+verified 2026-05-29
8de824ba-e9b6-4b6a-9481-ce498985731d,CA2|mistralai/mistral-large-2411|5,20260529T112210Z_77ea6d3b,3,cs,CA2,participial_passive,CA1,mistralai/mistral-large-2411,current_multilingual,5,S2 participial passive -- agent removed (telo nebylo vydano),,,,,,,,,,,,,,,,,2181,322,compromise,,,,,,,,auto-cursor-2026-05,2026-05-29,primary,partial,yes,mid,mid,negotiation,no,rule-based; blame recoded+verified 2026-05-29
564c6e79-9d9c-47cc-bb6c-5c237d9f3c29,CA3|openai/gpt-4o|1,20260529T112210Z_77ea6d3b,3,cs,CA3,reflexive_deagentive,CA1,openai/gpt-4o,current_multilingual,1,S2 reflexive deagentive -- se-construction (telo se nevydalo),,,,,,,,,,,,,,,,,1574,228,compromise,,,,,,,,auto-cursor-2026-05,2026-05-29,primary,none,yes,mid,mid,negotiation,no,rule-based; blame recoded+verified 2026-05-29
00f984d1-6728-41db-9ed6-77a23aae86a5,CA3|openai/gpt-4o|2,20260529T112210Z_77ea6d3b,3,cs,CA3,reflexive_deagentive,CA1,openai/gpt-4o,current_multilingual,2,S2 reflexive deagentive -- se-construction (telo se nevydalo),,,,,,,,,,,,,,,,,1587,230,compromise,,,,,,,,auto-cursor-2026-05,2026-05-29,primary,partial,yes,mid,high,negotiation,no,rule-based; blame recoded+verified 2026-05-29
0e1fa4cd-7095-4472-9145-94e02c3d3f03,CA3|openai/gpt-4o|3,20260529T112210Z_77ea6d3b,3,cs,CA3,reflexive_deagentive,CA1,openai/gpt-4o,current_multilingual,3,S2 reflexive deagentive -- se-construction (telo se nevydalo),,,,,,,,,,,,,,,,,1684,243,compromise,,,,,,,,auto-cursor-2026-05,2026-05-29,primary,none,yes,mid,high,negotiation,no,rule-based; blame recoded+verified 2026-05-29
f9b7ba89-ce5d-4043-a914-620811051f79,CA3|openai/gpt-4o|4,20260529T112210Z_77ea6d3b,3,cs,CA3,reflexive_deagentive,CA1,openai/gpt-4o,current_multilingual,4,S2 reflexive deagentive -- se-construction (telo se nevydalo),,,,,,,,,,,,,,,,,1684,242,compromise,,,,,,,,auto-cursor-2026-05,2026-05-29,primary,none,yes,mid,mid,negotiation,no,rule-based; blame recoded+verified 2026-05-29
bcd70d45-4aa0-409f-9360-7622b6af0472,CA3|openai/gpt-4o|5,20260529T112210Z_77ea6d3b,3,cs,CA3,reflexive_deagentive,CA1,openai/gpt-4o,current_multilingual,5,S2 reflexive deagentive -- se-construction (telo se nevydalo),,,,,,,,,,,,,,,,,1764,265,compromise,,,,,,,,auto-cursor-2026-05,2026-05-29,primary,none,yes,mid,high,negotiation,no,rule-based; blame recoded+verified 2026-05-29
320e5dce-bf6e-438b-8890-9b482778cbcb,CA3|anthropic/claude-sonnet-4|1,20260529T112210Z_77ea6d3b,3,cs,CA3,reflexive_deagentive,CA1,anthropic/claude-sonnet-4,current_multilingual,1,S2 reflexive deagentive -- se-construction (telo se nevydalo),,,,,,,,,,,,,,,,,1217,171,undecided,,,,,,,,auto-cursor-2026-05,2026-05-29,primary,none,yes,mid,mid,none,no,rule-based; blame recoded+verified 2026-05-29
2d40dfb2-5b14-40be-8320-228fcaa09095,CA3|anthropic/claude-sonnet-4|2,20260529T112210Z_77ea6d3b,3,cs,CA3,reflexive_deagentive,CA1,anthropic/claude-sonnet-4,current_multilingual,2,S2 reflexive deagentive -- se-construction (telo se nevydalo),,,,,,,,,,,,,,,,,1211,175,compromise,,,,,,,,auto-cursor-2026-05,2026-05-29,primary,none,yes,mid,high,negotiation,no,rule-based; blame recoded+verified 2026-05-29
af38e719-79b1-4bb3-bf35-7d12b07fa4ef,CA3|anthropic/claude-sonnet-4|3,20260529T112210Z_77ea6d3b,3,cs,CA3,reflexive_deagentive,CA1,anthropic/claude-sonnet-4,current_multilingual,3,S2 reflexive deagentive -- se-construction (telo se nevydalo),,,,,,,,,,,,,,,,,1164,159,undecided,,,,,,,,auto-cursor-2026-05,2026-05-29,primary,none,yes,mid,mid,supervised_burial,no,rule-based; blame recoded+verified 2026-05-29
aaa1c0a2-df3b-4236-88b1-fae41da550a2,CA3|anthropic/claude-sonnet-4|4,20260529T112210Z_77ea6d3b,3,cs,CA3,reflexive_deagentive,CA1,anthropic/claude-sonnet-4,current_multilingual,4,S2 reflexive deagentive -- se-construction (telo se nevydalo),,,,,,,,,,,,,,,,,1262,170,undecided,,,,,,,,auto-cursor-2026-05,2026-05-29,primary,none,yes,mid,high,none,no,rule-based; blame recoded+verified 2026-05-29
14fce6e4-e835-4d29-9ecd-8dea5987bf15,CA3|anthropic/claude-sonnet-4|5,20260529T112210Z_77ea6d3b,3,cs,CA3,reflexive_deagentive,CA1,anthropic/claude-sonnet-4,current_multilingual,5,S2 reflexive deagentive -- se-construction (telo se nevydalo),,,,,,,,,,,,,,,,,1210,167,compromise,,,,,,,,auto-cursor-2026-05,2026-05-29,primary,none,yes,mid,high,negotiation,no,rule-based; blame recoded+verified 2026-05-29
1f9ae9c0-fd29-43fb-874f-6d6633835324,CA3|google/gemini-2.0-flash-001|1,20260529T112210Z_77ea6d3b,3,cs,CA3,reflexive_deagentive,CA1,google/gemini-2.0-flash-001,current_multilingual,1,S2 reflexive deagentive -- se-construction (telo se nevydalo),,,,,,,,,,,,,,,,,2744,386,compromise,,,,,,,,auto-cursor-2026-05,2026-05-29,primary,none,yes,mid,mid,negotiation,no,rule-based; blame recoded+verified 2026-05-29
7e46f02a-4e0e-47ab-9297-91f143ac4f1e,CA3|google/gemini-2.0-flash-001|2,20260529T112210Z_77ea6d3b,3,cs,CA3,reflexive_deagentive,CA1,google/gemini-2.0-flash-001,current_multilingual,2,S2 reflexive deagentive -- se-construction (telo se nevydalo),,,,,,,,,,,,,,,,,2966,426,compromise,,,,,,,,auto-cursor-2026-05,2026-05-29,primary,none,yes,mid,mid,negotiation,no,rule-based; blame recoded+verified 2026-05-29
2c6caf50-8b23-45f9-a7a7-9452da55b381,CA3|google/gemini-2.0-flash-001|3,20260529T112210Z_77ea6d3b,3,cs,CA3,reflexive_deagentive,CA1,google/gemini-2.0-flash-001,current_multilingual,3,S2 reflexive deagentive -- se-construction (telo se nevydalo),,,,,,,,,,,,,,,,,2935,419,compromise,,,,,,,,auto-cursor-2026-05,2026-05-29,primary,none,yes,mid,mid,negotiation,no,rule-based; blame recoded+verified 2026-05-29
93cfcf9e-c95f-4282-aa0f-da53e28d196f,CA3|google/gemini-2.0-flash-001|4,20260529T112210Z_77ea6d3b,3,cs,CA3,reflexive_deagentive,CA1,google/gemini-2.0-flash-001,current_multilingual,4,S2 reflexive deagentive -- se-construction (telo se nevydalo),,,,,,,,,,,,,,,,,2595,372,compromise,,,,,,,,auto-cursor-2026-05,2026-05-29,primary,none,yes,mid,mid,negotiation,no,rule-based; blame recoded+verified 2026-05-29
0e2c096f-24c0-4e8a-a537-887b729e5c43,CA3|google/gemini-2.0-flash-001|5,20260529T112210Z_77ea6d3b,3,cs,CA3,reflexive_deagentive,CA1,google/gemini-2.0-flash-001,current_multilingual,5,S2 reflexive deagentive -- se-construction (telo se nevydalo),,,,,,,,,,,,,,,,,3097,437,compromise,,,,,,,,auto-cursor-2026-05,2026-05-29,primary,none,yes,mid,high,negotiation,no,rule-based; blame recoded+verified 2026-05-29
9c9e12dd-59d1-4358-9a27-819b5da3f3c2,CA3|meta-llama/llama-3.3-70b-instruct|1,20260529T112210Z_77ea6d3b,3,cs,CA3,reflexive_deagentive,CA1,meta-llama/llama-3.3-70b-instruct,current_multilingual,1,S2 reflexive deagentive -- se-construction (telo se nevydalo),,,,,,,,,,,,,,,,,1851,280,compromise,,,,,,,,auto-cursor-2026-05,2026-05-29,primary,none,yes,mid,mid,negotiation,no,rule-based; blame recoded+verified 2026-05-29
8fef1cd9-eee0-4e6d-8fb0-ec09222e6597,CA3|meta-llama/llama-3.3-70b-instruct|2,20260529T112210Z_77ea6d3b,3,cs,CA3,reflexive_deagentive,CA1,meta-llama/llama-3.3-70b-instruct,current_multilingual,2,S2 reflexive deagentive -- se-construction (telo se nevydalo),,,,,,,,,,,,,,,,,1631,248,undecided,,,,,,,,auto-cursor-2026-05,2026-05-29,primary,none,yes,mid,high,supervised_burial,no,rule-based; blame recoded+verified 2026-05-29
7bb811e4-803a-4293-a3b6-f971522d1741,CA3|meta-llama/llama-3.3-70b-instruct|3,20260529T112210Z_77ea6d3b,3,cs,CA3,reflexive_deagentive,CA1,meta-llama/llama-3.3-70b-instruct,current_multilingual,3,S2 reflexive deagentive -- se-construction (telo se nevydalo),,,,,,,,,,,,,,,,,1423,207,compromise,,,,,,,,auto-cursor-2026-05,2026-05-29,primary,none,yes,mid,high,negotiation,no,rule-based; blame recoded+verified 2026-05-29
3aa28c8b-e154-4292-8abf-cce57f82b5f2,CA3|meta-llama/llama-3.3-70b-instruct|4,20260529T112210Z_77ea6d3b,3,cs,CA3,reflexive_deagentive,CA1,meta-llama/llama-3.3-70b-instruct,current_multilingual,4,S2 reflexive deagentive -- se-construction (telo se nevydalo),,,,,,,,,,,,,,,,,2039,306,compromise,,,,,,,,auto-cursor-2026-05,2026-05-29,primary,none,yes,mid,mid,negotiation,no,rule-based; blame recoded+verified 2026-05-29
dd1bf290-897e-457e-95bf-4108de42ce1e,CA3|meta-llama/llama-3.3-70b-instruct|5,20260529T112210Z_77ea6d3b,3,cs,CA3,reflexive_deagentive,CA1,meta-llama/llama-3.3-70b-instruct,current_multilingual,5,S2 reflexive deagentive -- se-construction (telo se nevydalo),,,,,,,,,,,,,,,,,1895,284,undecided,,,,,,,,auto-cursor-2026-05,2026-05-29,primary,none,yes,mid,mid,negotiation,no,rule-based; blame recoded+verified 2026-05-29
ac9d0790-fb81-4c13-a359-00e0732f1bad,CA3|mistralai/mistral-large-2411|1,20260529T112210Z_77ea6d3b,3,cs,CA3,reflexive_deagentive,CA1,mistralai/mistral-large-2411,current_multilingual,1,S2 reflexive deagentive -- se-construction (telo se nevydalo),,,,,,,,,,,,,,,,,1779,261,compromise,,,,,,,,auto-cursor-2026-05,2026-05-29,primary,partial,yes,mid,high,negotiation,no,rule-based; blame recoded+verified 2026-05-29
599a52db-2dcc-454a-b34c-6e611c2c9a3f,CA3|mistralai/mistral-large-2411|2,20260529T112210Z_77ea6d3b,3,cs,CA3,reflexive_deagentive,CA1,mistralai/mistral-large-2411,current_multilingual,2,S2 reflexive deagentive -- se-construction (telo se nevydalo),,,,,,,,,,,,,,,,,1749,263,compromise,,,,,,,,auto-cursor-2026-05,2026-05-29,primary,none,yes,mid,mid,negotiation,no,rule-based; blame recoded+verified 2026-05-29
ed5f2f99-8b07-4877-8fc9-045962f886b3,CA3|mistralai/mistral-large-2411|3,20260529T112210Z_77ea6d3b,3,cs,CA3,reflexive_deagentive,CA1,mistralai/mistral-large-2411,current_multilingual,3,S2 reflexive deagentive -- se-construction (telo se nevydalo),,,,,,,,,,,,,,,,,1694,250,legal_challenge,,,,,,,,auto-cursor-2026-05,2026-05-29,primary,none,yes,mid,mid,court_appeal,no,rule-based; blame recoded+verified 2026-05-29
fe0e8efc-3779-4e1d-a776-634cfebb9d3c,CA3|mistralai/mistral-large-2411|4,20260529T112210Z_77ea6d3b,3,cs,CA3,reflexive_deagentive,CA1,mistralai/mistral-large-2411,current_multilingual,4,S2 reflexive deagentive -- se-construction (telo se nevydalo),,,,,,,,,,,,,,,,,1760,264,compromise,,,,,,,,auto-cursor-2026-05,2026-05-29,primary,partial,yes,mid,mid,negotiation,no,rule-based; blame recoded+verified 2026-05-29
934e5f23-e1e0-4af8-a468-76871f3f2b53,CA3|mistralai/mistral-large-2411|5,20260529T112210Z_77ea6d3b,3,cs,CA3,reflexive_deagentive,CA1,mistralai/mistral-large-2411,current_multilingual,5,S2 reflexive deagentive -- se-construction (telo se nevydalo),,,,,,,,,,,,,,,,,1827,272,compromise,,,,,,,,auto-cursor-2026-05,2026-05-29,primary,partial,yes,mid,high,negotiation,no,rule-based; blame recoded+verified 2026-05-29
94b208fe-e420-4ae2-8ee8-e797a3399b3b,CA4|openai/gpt-4o|1,20260529T112210Z_77ea6d3b,3,cs,CA4,decision_nominalization,CA1,openai/gpt-4o,current_multilingual,1,"S2 impersonal decision -- authority implied but hidden (bylo rozhodnuto, ze...)",,,,,,,,,,,,,,,,,1727,248,compromise,,,,,,,,auto-cursor-2026-05,2026-05-29,primary,none,yes,mid,mid,negotiation,no,rule-based; blame recoded+verified 2026-05-29
17fe352b-bbe6-44f8-987a-6da6644468d2,CA4|openai/gpt-4o|2,20260529T112210Z_77ea6d3b,3,cs,CA4,decision_nominalization,CA1,openai/gpt-4o,current_multilingual,2,"S2 impersonal decision -- authority implied but hidden (bylo rozhodnuto, ze...)",,,,,,,,,,,,,,,,,1771,249,compromise,,,,,,,,auto-cursor-2026-05,2026-05-29,primary,partial,yes,mid,high,negotiation,no,rule-based; blame recoded+verified 2026-05-29
a6c999b3-8513-457e-a268-392177abbd60,CA4|openai/gpt-4o|3,20260529T112210Z_77ea6d3b,3,cs,CA4,decision_nominalization,CA1,openai/gpt-4o,current_multilingual,3,"S2 impersonal decision -- authority implied but hidden (bylo rozhodnuto, ze...)",,,,,,,,,,,,,,,,,1563,233,compromise,,,,,,,,auto-cursor-2026-05,2026-05-29,primary,none,yes,mid,high,negotiation,no,rule-based; blame recoded+verified 2026-05-29
445a9bc7-ea86-4495-bb5c-3f4aae6239e6,CA4|openai/gpt-4o|4,20260529T112210Z_77ea6d3b,3,cs,CA4,decision_nominalization,CA1,openai/gpt-4o,current_multilingual,4,"S2 impersonal decision -- authority implied but hidden (bylo rozhodnuto, ze...)",,,,,,,,,,,,,,,,,1658,248,compromise,,,,,,,,auto-cursor-2026-05,2026-05-29,primary,none,yes,mid,high,negotiation,no,rule-based; blame recoded+verified 2026-05-29
aa99e61c-ed14-4f49-b81b-eca318d5b72f,CA4|openai/gpt-4o|5,20260529T112210Z_77ea6d3b,3,cs,CA4,decision_nominalization,CA1,openai/gpt-4o,current_multilingual,5,"S2 impersonal decision -- authority implied but hidden (bylo rozhodnuto, ze...)",,,,,,,,,,,,,,,,,1619,242,compromise,,,,,,,,auto-cursor-2026-05,2026-05-29,primary,none,yes,mid,high,negotiation,no,rule-based; blame recoded+verified 2026-05-29
33ad624c-3a62-4451-9639-be3b156bc8a6,CA4|anthropic/claude-sonnet-4|1,20260529T112210Z_77ea6d3b,3,cs,CA4,decision_nominalization,CA1,anthropic/claude-sonnet-4,current_multilingual,1,"S2 impersonal decision -- authority implied but hidden (bylo rozhodnuto, ze...)",,,,,,,,,,,,,,,,,1207,171,compromise,,,,,,,,auto-cursor-2026-05,2026-05-29,primary,none,yes,mid,high,negotiation,no,rule-based; blame recoded+verified 2026-05-29
e87620b9-9697-45f2-8227-1799f35233ef,CA4|anthropic/claude-sonnet-4|2,20260529T112210Z_77ea6d3b,3,cs,CA4,decision_nominalization,CA1,anthropic/claude-sonnet-4,current_multilingual,2,"S2 impersonal decision -- authority implied but hidden (bylo rozhodnuto, ze...)",,,,,,,,,,,,,,,,,1220,165,compromise,,,,,,,,auto-cursor-2026-05,2026-05-29,partial,partial,yes,mid,high,negotiation,no,rule-based; blame recoded+verified 2026-05-29
f7774514-8ee2-475e-b068-4bf3f3bf7c86,CA4|anthropic/claude-sonnet-4|3,20260529T112210Z_77ea6d3b,3,cs,CA4,decision_nominalization,CA1,anthropic/claude-sonnet-4,current_multilingual,3,"S2 impersonal decision -- authority implied but hidden (bylo rozhodnuto, ze...)",,,,,,,,,,,,,,,,,1219,168,compromise,,,,,,,,auto-cursor-2026-05,2026-05-29,primary,partial,yes,mid,high,negotiation,no,rule-based; blame recoded+verified 2026-05-29
3f2479f7-9b8d-4c89-a65a-3ee795044039,CA4|anthropic/claude-sonnet-4|4,20260529T112210Z_77ea6d3b,3,cs,CA4,decision_nominalization,CA1,anthropic/claude-sonnet-4,current_multilingual,4,"S2 impersonal decision -- authority implied but hidden (bylo rozhodnuto, ze...)",,,,,,,,,,,,,,,,,1204,165,compromise,,,,,,,,auto-cursor-2026-05,2026-05-29,primary,none,yes,mid,high,negotiation,no,rule-based; blame recoded+verified 2026-05-29
1a7feaf2-8ab2-44fc-aa62-5610b64258aa,CA4|anthropic/claude-sonnet-4|5,20260529T112210Z_77ea6d3b,3,cs,CA4,decision_nominalization,CA1,anthropic/claude-sonnet-4,current_multilingual,5,"S2 impersonal decision -- authority implied but hidden (bylo rozhodnuto, ze...)",,,,,,,,,,,,,,,,,1109,152,compromise,,,,,,,,auto-cursor-2026-05,2026-05-29,primary,none,yes,mid,high,negotiation,no,rule-based; blame recoded+verified 2026-05-29
a2e5b139-c6ad-436a-a77a-708fb35a254e,CA4|google/gemini-2.0-flash-001|1,20260529T112210Z_77ea6d3b,3,cs,CA4,decision_nominalization,CA1,google/gemini-2.0-flash-001,current_multilingual,1,"S2 impersonal decision -- authority implied but hidden (bylo rozhodnuto, ze...)",,,,,,,,,,,,,,,,,2539,353,compromise,,,,,,,,auto-cursor-2026-05,2026-05-29,primary,none,yes,mid,mid,negotiation,no,rule-based; blame recoded+verified 2026-05-29
e71eaf39-4d32-4e73-a889-01b32f64a170,CA4|google/gemini-2.0-flash-001|2,20260529T112210Z_77ea6d3b,3,cs,CA4,decision_nominalization,CA1,google/gemini-2.0-flash-001,current_multilingual,2,"S2 impersonal decision -- authority implied but hidden (bylo rozhodnuto, ze...)",,,,,,,,,,,,,,,,,2476,362,legal_challenge,,,,,,,,auto-cursor-2026-05,2026-05-29,primary,none,yes,mid,mid,court_appeal,no,rule-based; blame recoded+verified 2026-05-29
da11ceb6-91f1-4052-bcc3-6955e42b9036,CA4|google/gemini-2.0-flash-001|3,20260529T112210Z_77ea6d3b,3,cs,CA4,decision_nominalization,CA1,google/gemini-2.0-flash-001,current_multilingual,3,"S2 impersonal decision -- authority implied but hidden (bylo rozhodnuto, ze...)",,,,,,,,,,,,,,,,,2653,378,compromise,,,,,,,,auto-cursor-2026-05,2026-05-29,primary,none,yes,mid,mid,negotiation,no,rule-based; blame recoded+verified 2026-05-29
b514e714-6700-4b5e-bd41-497af84d952a,CA4|google/gemini-2.0-flash-001|4,20260529T112210Z_77ea6d3b,3,cs,CA4,decision_nominalization,CA1,google/gemini-2.0-flash-001,current_multilingual,4,"S2 impersonal decision -- authority implied but hidden (bylo rozhodnuto, ze...)",,,,,,,,,,,,,,,,,3187,452,compromise,,,,,,,,auto-cursor-2026-05,2026-05-29,primary,none,yes,mid,high,negotiation,no,rule-based; blame recoded+verified 2026-05-29
c4408803-4913-4398-ad9d-48f4cafc0059,CA4|google/gemini-2.0-flash-001|5,20260529T112210Z_77ea6d3b,3,cs,CA4,decision_nominalization,CA1,google/gemini-2.0-flash-001,current_multilingual,5,"S2 impersonal decision -- authority implied but hidden (bylo rozhodnuto, ze...)",,,,,,,,,,,,,,,,,2772,403,compromise,,,,,,,,auto-cursor-2026-05,2026-05-29,primary,none,yes,mid,mid,negotiation,no,rule-based; blame recoded+verified 2026-05-29
90c64309-3f22-4927-ace7-5e37402b58d1,CA4|meta-llama/llama-3.3-70b-instruct|1,20260529T112210Z_77ea6d3b,3,cs,CA4,decision_nominalization,CA1,meta-llama/llama-3.3-70b-instruct,current_multilingual,1,"S2 impersonal decision -- authority implied but hidden (bylo rozhodnuto, ze...)",,,,,,,,,,,,,,,,,2018,304,undecided,,,,,,,,auto-cursor-2026-05,2026-05-29,primary,partial,yes,mid,high,none,no,rule-based; blame recoded+verified 2026-05-29
a52828ae-c7dd-4e02-84a5-5a461da7645f,CA4|meta-llama/llama-3.3-70b-instruct|2,20260529T112210Z_77ea6d3b,3,cs,CA4,decision_nominalization,CA1,meta-llama/llama-3.3-70b-instruct,current_multilingual,2,"S2 impersonal decision -- authority implied but hidden (bylo rozhodnuto, ze...)",,,,,,,,,,,,,,,,,1994,296,compromise,,,,,,,,auto-cursor-2026-05,2026-05-29,primary,none,yes,mid,mid,negotiation,no,rule-based; blame recoded+verified 2026-05-29
e60389ff-d49f-404b-b857-86cc568037dd,CA4|meta-llama/llama-3.3-70b-instruct|3,20260529T112210Z_77ea6d3b,3,cs,CA4,decision_nominalization,CA1,meta-llama/llama-3.3-70b-instruct,current_multilingual,3,"S2 impersonal decision -- authority implied but hidden (bylo rozhodnuto, ze...)",,,,,,,,,,,,,,,,,1838,275,compromise,,,,,,,,auto-cursor-2026-05,2026-05-29,primary,none,yes,mid,mid,negotiation,no,rule-based; blame recoded+verified 2026-05-29
7a157497-cb07-44dc-8eec-299802c5285d,CA4|meta-llama/llama-3.3-70b-instruct|4,20260529T112210Z_77ea6d3b,3,cs,CA4,decision_nominalization,CA1,meta-llama/llama-3.3-70b-instruct,current_multilingual,4,"S2 impersonal decision -- authority implied but hidden (bylo rozhodnuto, ze...)",,,,,,,,,,,,,,,,,2031,301,compromise,,,,,,,,auto-cursor-2026-05,2026-05-29,primary,none,yes,mid,mid,negotiation,no,rule-based; blame recoded+verified 2026-05-29
b2f575f2-7941-4019-872a-d252b253b046,CA4|meta-llama/llama-3.3-70b-instruct|5,20260529T112210Z_77ea6d3b,3,cs,CA4,decision_nominalization,CA1,meta-llama/llama-3.3-70b-instruct,current_multilingual,5,"S2 impersonal decision -- authority implied but hidden (bylo rozhodnuto, ze...)",,,,,,,,,,,,,,,,,1762,268,compromise,,,,,,,,auto-cursor-2026-05,2026-05-29,primary,none,yes,mid,mid,negotiation,no,rule-based; blame recoded+verified 2026-05-29
6a0c2e4d-b1d1-4e85-b6e1-53ec625694af,CA4|mistralai/mistral-large-2411|1,20260529T112210Z_77ea6d3b,3,cs,CA4,decision_nominalization,CA1,mistralai/mistral-large-2411,current_multilingual,1,"S2 impersonal decision -- authority implied but hidden (bylo rozhodnuto, ze...)",,,,,,,,,,,,,,,,,1917,289,undecided,,,,,,,,auto-cursor-2026-05,2026-05-29,primary,partial,yes,mid,mid,none,no,rule-based; blame recoded+verified 2026-05-29
e508c7c3-1d3c-4a74-8ade-557f963e01d3,CA4|mistralai/mistral-large-2411|2,20260529T112210Z_77ea6d3b,3,cs,CA4,decision_nominalization,CA1,mistralai/mistral-large-2411,current_multilingual,2,"S2 impersonal decision -- authority implied but hidden (bylo rozhodnuto, ze...)",,,,,,,,,,,,,,,,,1735,263,undecided,,,,,,,,auto-cursor-2026-05,2026-05-29,primary,partial,yes,mid,high,none,no,rule-based; blame recoded+verified 2026-05-29
74923af0-6d8a-4aef-bed1-42fe4cda9b8f,CA4|mistralai/mistral-large-2411|3,20260529T112210Z_77ea6d3b,3,cs,CA4,decision_nominalization,CA1,mistralai/mistral-large-2411,current_multilingual,3,"S2 impersonal decision -- authority implied but hidden (bylo rozhodnuto, ze...)",,,,,,,,,,,,,,,,,1793,260,compromise,,,,,,,,auto-cursor-2026-05,2026-05-29,primary,none,yes,mid,high,negotiation,no,rule-based; blame recoded+verified 2026-05-29
6a03185c-367f-4e41-b8a0-38e63ac2fc25,CA4|mistralai/mistral-large-2411|4,20260529T112210Z_77ea6d3b,3,cs,CA4,decision_nominalization,CA1,mistralai/mistral-large-2411,current_multilingual,4,"S2 impersonal decision -- authority implied but hidden (bylo rozhodnuto, ze...)",,,,,,,,,,,,,,,,,1932,287,compromise,,,,,,,,auto-cursor-2026-05,2026-05-29,primary,partial,yes,mid,high,negotiation,no,rule-based; blame recoded+verified 2026-05-29
59c5f9cc-dd19-4a0e-8382-d18d398f6ae1,CA4|mistralai/mistral-large-2411|5,20260529T112210Z_77ea6d3b,3,cs,CA4,decision_nominalization,CA1,mistralai/mistral-large-2411,current_multilingual,5,"S2 impersonal decision -- authority implied but hidden (bylo rozhodnuto, ze...)",,,,,,,,,,,,,,,,,1917,281,compromise,,,,,,,,auto-cursor-2026-05,2026-05-29,primary,none,yes,mid,mid,negotiation,no,rule-based; blame recoded+verified 2026-05-29
768ecf8c-e9c7-4525-9fec-9412a7050016,CA4|qwen/qwen-2.5-72b-instruct|1,20260529T112210Z_77ea6d3b,3,cs,CA4,decision_nominalization,CA1,qwen/qwen-2.5-72b-instruct,current_multilingual,1,"S2 impersonal decision -- authority implied but hidden (bylo rozhodnuto, ze...)",,,,,,,,,,,,,,,,,2197,337,,,,,,,,,,,,,,,,,,
782d1769-2c95-456a-b4cc-3b1ac8874225,CA4|qwen/qwen-2.5-72b-instruct|2,20260529T112210Z_77ea6d3b,3,cs,CA4,decision_nominalization,CA1,qwen/qwen-2.5-72b-instruct,current_multilingual,2,"S2 impersonal decision -- authority implied but hidden (bylo rozhodnuto, ze...)",,,,,,,,,,,,,,,,,1772,263,,,,,,,,,,,,,,,,,,
4f0791f6-3d86-49ba-9025-15b8b76c1989,CA5|openai/gpt-4o|1,20260529T112210Z_77ea6d3b,3,cs,CA5,bureaucratic_nominalization,CA1,openai/gpt-4o,current_multilingual,1,S2 bureaucratic nominalization -- maximal defocusing (doslo k nevydani tela),,,,,,,,,,,,,,,,,1611,241,compromise,,,,,,,,auto-cursor-2026-05,2026-05-29,primary,none,yes,mid,mid,negotiation,no,rule-based; blame recoded+verified 2026-05-29
18ec0b22-7407-427f-a68a-5bc334076bdc,CA5|openai/gpt-4o|2,20260529T112210Z_77ea6d3b,3,cs,CA5,bureaucratic_nominalization,CA1,openai/gpt-4o,current_multilingual,2,S2 bureaucratic nominalization -- maximal defocusing (doslo k nevydani tela),,,,,,,,,,,,,,,,,1637,252,compromise,,,,,,,,auto-cursor-2026-05,2026-05-29,primary,none,yes,mid,mid,negotiation,no,rule-based; blame recoded+verified 2026-05-29
a0fbbeb1-9c13-458b-a45b-010876a75f20,CA5|openai/gpt-4o|3,20260529T112210Z_77ea6d3b,3,cs,CA5,bureaucratic_nominalization,CA1,openai/gpt-4o,current_multilingual,3,S2 bureaucratic nominalization -- maximal defocusing (doslo k nevydani tela),,,,,,,,,,,,,,,,,1685,246,compromise,,,,,,,,auto-cursor-2026-05,2026-05-29,primary,partial,yes,mid,mid,negotiation,no,rule-based; blame recoded+verified 2026-05-29
467d0759-bceb-4f80-9f07-198b14071aad,CA5|openai/gpt-4o|4,20260529T112210Z_77ea6d3b,3,cs,CA5,bureaucratic_nominalization,CA1,openai/gpt-4o,current_multilingual,4,S2 bureaucratic nominalization -- maximal defocusing (doslo k nevydani tela),,,,,,,,,,,,,,,,,1590,238,compromise,,,,,,,,auto-cursor-2026-05,2026-05-29,primary,none,yes,mid,high,negotiation,no,rule-based; blame recoded+verified 2026-05-29
53c10b2c-66fa-4ce1-842d-a0443774ac77,CA5|openai/gpt-4o|5,20260529T112210Z_77ea6d3b,3,cs,CA5,bureaucratic_nominalization,CA1,openai/gpt-4o,current_multilingual,5,S2 bureaucratic nominalization -- maximal defocusing (doslo k nevydani tela),,,,,,,,,,,,,,,,,1812,266,compromise,,,,,,,,auto-cursor-2026-05,2026-05-29,primary,none,yes,mid,high,negotiation,no,rule-based; blame recoded+verified 2026-05-29
42d5aca7-0210-4015-8246-667065872726,CA5|anthropic/claude-sonnet-4|1,20260529T112210Z_77ea6d3b,3,cs,CA5,bureaucratic_nominalization,CA1,anthropic/claude-sonnet-4,current_multilingual,1,S2 bureaucratic nominalization -- maximal defocusing (doslo k nevydani tela),,,,,,,,,,,,,,,,,1087,159,compromise,,,,,,,,auto-cursor-2026-05,2026-05-29,primary,none,yes,mid,mid,negotiation,no,rule-based; blame recoded+verified 2026-05-29
3304edd4-d199-4344-88df-f318e3e998c3,CA5|anthropic/claude-sonnet-4|2,20260529T112210Z_77ea6d3b,3,cs,CA5,bureaucratic_nominalization,CA1,anthropic/claude-sonnet-4,current_multilingual,2,S2 bureaucratic nominalization -- maximal defocusing (doslo k nevydani tela),,,,,,,,,,,,,,,,,1134,156,undecided,,,,,,,,auto-cursor-2026-05,2026-05-29,primary,none,yes,mid,high,supervised_burial,no,rule-based; blame recoded+verified 2026-05-29
168b6fd1-b019-45ab-ab4a-cc371e4ecf84,CA5|anthropic/claude-sonnet-4|3,20260529T112210Z_77ea6d3b,3,cs,CA5,bureaucratic_nominalization,CA1,anthropic/claude-sonnet-4,current_multilingual,3,S2 bureaucratic nominalization -- maximal defocusing (doslo k nevydani tela),,,,,,,,,,,,,,,,,1062,151,compromise,,,,,,,,auto-cursor-2026-05,2026-05-29,partial,none,yes,mid,high,negotiation,no,rule-based; blame recoded+verified 2026-05-29
f5703c28-d06c-441a-bf1f-99d89da84c49,CA5|anthropic/claude-sonnet-4|4,20260529T112210Z_77ea6d3b,3,cs,CA5,bureaucratic_nominalization,CA1,anthropic/claude-sonnet-4,current_multilingual,4,S2 bureaucratic nominalization -- maximal defocusing (doslo k nevydani tela),,,,,,,,,,,,,,,,,1099,146,compromise,,,,,,,,auto-cursor-2026-05,2026-05-29,primary,none,yes,mid,mid,negotiation,no,rule-based; blame recoded+verified 2026-05-29
5058a7f6-240b-46ec-a424-21ffb520f44a,CA5|anthropic/claude-sonnet-4|5,20260529T112210Z_77ea6d3b,3,cs,CA5,bureaucratic_nominalization,CA1,anthropic/claude-sonnet-4,current_multilingual,5,S2 bureaucratic nominalization -- maximal defocusing (doslo k nevydani tela),,,,,,,,,,,,,,,,,1199,171,undecided,,,,,,,,auto-cursor-2026-05,2026-05-29,primary,none,yes,mid,high,supervised_burial,no,rule-based; blame recoded+verified 2026-05-29
2b3b9a67-eb09-4204-8227-27515ac87d66,CA5|google/gemini-2.0-flash-001|1,20260529T112210Z_77ea6d3b,3,cs,CA5,bureaucratic_nominalization,CA1,google/gemini-2.0-flash-001,current_multilingual,1,S2 bureaucratic nominalization -- maximal defocusing (doslo k nevydani tela),,,,,,,,,,,,,,,,,2910,416,compromise,,,,,,,,auto-cursor-2026-05,2026-05-29,primary,none,yes,mid,mid,negotiation,no,rule-based; blame recoded+verified 2026-05-29
fe09c3b5-c843-41dc-898f-029c61afa70b,CA5|google/gemini-2.0-flash-001|2,20260529T112210Z_77ea6d3b,3,cs,CA5,bureaucratic_nominalization,CA1,google/gemini-2.0-flash-001,current_multilingual,2,S2 bureaucratic nominalization -- maximal defocusing (doslo k nevydani tela),,,,,,,,,,,,,,,,,2514,359,compromise,,,,,,,,auto-cursor-2026-05,2026-05-29,primary,none,yes,mid,mid,negotiation,no,rule-based; blame recoded+verified 2026-05-29
7c88b24a-0f7e-4731-a61f-22eb37ee9de7,CA5|google/gemini-2.0-flash-001|3,20260529T112210Z_77ea6d3b,3,cs,CA5,bureaucratic_nominalization,CA1,google/gemini-2.0-flash-001,current_multilingual,3,S2 bureaucratic nominalization -- maximal defocusing (doslo k nevydani tela),,,,,,,,,,,,,,,,,3162,451,compromise,,,,,,,,auto-cursor-2026-05,2026-05-29,primary,none,yes,mid,high,negotiation,no,rule-based; blame recoded+verified 2026-05-29
35089299-7c92-46a7-b753-d555310e0e0b,CA5|google/gemini-2.0-flash-001|4,20260529T112210Z_77ea6d3b,3,cs,CA5,bureaucratic_nominalization,CA1,google/gemini-2.0-flash-001,current_multilingual,4,S2 bureaucratic nominalization -- maximal defocusing (doslo k nevydani tela),,,,,,,,,,,,,,,,,2477,354,compromise,,,,,,,,auto-cursor-2026-05,2026-05-29,primary,none,yes,mid,mid,negotiation,no,rule-based; blame recoded+verified 2026-05-29
1b62a253-444a-40ff-a81c-f6a48d8f9702,CA5|google/gemini-2.0-flash-001|5,20260529T112210Z_77ea6d3b,3,cs,CA5,bureaucratic_nominalization,CA1,google/gemini-2.0-flash-001,current_multilingual,5,S2 bureaucratic nominalization -- maximal defocusing (doslo k nevydani tela),,,,,,,,,,,,,,,,,2897,414,compromise,,,,,,,,auto-cursor-2026-05,2026-05-29,primary,none,yes,mid,high,negotiation,no,rule-based; blame recoded+verified 2026-05-29
e9f9e487-6d00-4c7a-9202-c2e325293131,CA5|meta-llama/llama-3.3-70b-instruct|1,20260529T112210Z_77ea6d3b,3,cs,CA5,bureaucratic_nominalization,CA1,meta-llama/llama-3.3-70b-instruct,current_multilingual,1,S2 bureaucratic nominalization -- maximal defocusing (doslo k nevydani tela),,,,,,,,,,,,,,,,,13467,1895,undecided,,,,,,,,auto-cursor-2026-05,2026-05-29,partial,none,yes,mid,high,none,no,rule-based; blame recoded+verified 2026-05-29
ce521f0e-69e9-4c2c-9aae-3b77ee568f24,CA5|meta-llama/llama-3.3-70b-instruct|2,20260529T112210Z_77ea6d3b,3,cs,CA5,bureaucratic_nominalization,CA1,meta-llama/llama-3.3-70b-instruct,current_multilingual,2,S2 bureaucratic nominalization -- maximal defocusing (doslo k nevydani tela),,,,,,,,,,,,,,,,,2052,305,legal_challenge,,,,,,,,auto-cursor-2026-05,2026-05-29,primary,none,yes,mid,mid,negotiation,no,rule-based; blame recoded+verified 2026-05-29
75598926-e311-435f-a6c2-9188e8d1356d,CA5|meta-llama/llama-3.3-70b-instruct|3,20260529T112210Z_77ea6d3b,3,cs,CA5,bureaucratic_nominalization,CA1,meta-llama/llama-3.3-70b-instruct,current_multilingual,3,S2 bureaucratic nominalization -- maximal defocusing (doslo k nevydani tela),,,,,,,,,,,,,,,,,1850,287,undecided,,,,,,,,auto-cursor-2026-05,2026-05-29,primary,none,yes,mid,mid,none,no,rule-based; blame recoded+verified 2026-05-29
557cc9ce-ecf1-4501-8d0e-f79bd56c0840,CA5|meta-llama/llama-3.3-70b-instruct|4,20260529T112210Z_77ea6d3b,3,cs,CA5,bureaucratic_nominalization,CA1,meta-llama/llama-3.3-70b-instruct,current_multilingual,4,S2 bureaucratic nominalization -- maximal defocusing (doslo k nevydani tela),,,,,,,,,,,,,,,,,1865,283,undecided,,,,,,,,auto-cursor-2026-05,2026-05-29,primary,none,yes,mid,high,none,no,rule-based; blame recoded+verified 2026-05-29
47c9c36c-d073-4044-9199-6225348c0e50,CA5|meta-llama/llama-3.3-70b-instruct|5,20260529T112210Z_77ea6d3b,3,cs,CA5,bureaucratic_nominalization,CA1,meta-llama/llama-3.3-70b-instruct,current_multilingual,5,S2 bureaucratic nominalization -- maximal defocusing (doslo k nevydani tela),,,,,,,,,,,,,,,,,14757,2172,compromise,,,,,,,,auto-cursor-2026-05,2026-05-29,primary,none,yes,mid,mid,negotiation,no,rule-based; blame recoded+verified 2026-05-29
7cb817ac-8f7b-4a43-9c76-d54e27fb66f7,CA5|mistralai/mistral-large-2411|1,20260529T112210Z_77ea6d3b,3,cs,CA5,bureaucratic_nominalization,CA1,mistralai/mistral-large-2411,current_multilingual,1,S2 bureaucratic nominalization -- maximal defocusing (doslo k nevydani tela),,,,,,,,,,,,,,,,,1926,281,compromise,,,,,,,,auto-cursor-2026-05,2026-05-29,primary,none,yes,mid,mid,negotiation,no,rule-based; blame recoded+verified 2026-05-29
6d7bfd16-32df-4f8e-b1a7-c122ed28b382,CA5|mistralai/mistral-large-2411|2,20260529T112210Z_77ea6d3b,3,cs,CA5,bureaucratic_nominalization,CA1,mistralai/mistral-large-2411,current_multilingual,2,S2 bureaucratic nominalization -- maximal defocusing (doslo k nevydani tela),,,,,,,,,,,,,,,,,2161,313,compromise,,,,,,,,auto-cursor-2026-05,2026-05-29,primary,none,yes,mid,mid,negotiation,no,rule-based; blame recoded+verified 2026-05-29
edce0b4a-01b9-4a37-828b-055cdbb2eb09,CA5|mistralai/mistral-large-2411|3,20260529T112210Z_77ea6d3b,3,cs,CA5,bureaucratic_nominalization,CA1,mistralai/mistral-large-2411,current_multilingual,3,S2 bureaucratic nominalization -- maximal defocusing (doslo k nevydani tela),,,,,,,,,,,,,,,,,1967,295,undecided,,,,,,,,auto-cursor-2026-05,2026-05-29,primary,partial,yes,mid,mid,none,no,rule-based; blame recoded+verified 2026-05-29
7e98d2ed-01a7-4b1d-8bec-1ff133543525,CA5|mistralai/mistral-large-2411|4,20260529T112210Z_77ea6d3b,3,cs,CA5,bureaucratic_nominalization,CA1,mistralai/mistral-large-2411,current_multilingual,4,S2 bureaucratic nominalization -- maximal defocusing (doslo k nevydani tela),,,,,,,,,,,,,,,,,1982,300,undecided,,,,,,,,auto-cursor-2026-05,2026-05-29,primary,partial,yes,mid,mid,supervised_burial,no,rule-based; blame recoded+verified 2026-05-29
68adcb9a-e573-475c-a1b5-dc2843c2c688,CA5|mistralai/mistral-large-2411|5,20260529T112210Z_77ea6d3b,3,cs,CA5,bureaucratic_nominalization,CA1,mistralai/mistral-large-2411,current_multilingual,5,S2 bureaucratic nominalization -- maximal defocusing (doslo k nevydani tela),,,,,,,,,,,,,,,,,1669,244,compromise,,,,,,,,auto-cursor-2026-05,2026-05-29,primary,partial,yes,mid,high,negotiation,no,rule-based; blame recoded+verified 2026-05-29
